<?xml version="1.0" encoding="utf-8"?>
<ImportExportXml xmlns:xsi="http://www.w3.org/2001/XMLSchema-instance">
  <Entities />
  <Roles />
  <Workflows />
  <FieldSecurityProfiles />
  <Templates />
  <EntityMaps />
  <EntityRelationships />
  <OrganizationSettings />
  <optionsets />
  <CustomControls>
    <CustomControl>
      <Name>BooleanBlockCard</Name>
      <Version>1.0.0</Version>
      <CompatibleDataTypes>
        <CompatibleDataType>TwoOptions</CompatibleDataType>
        <CompatibleDataType>SingleLine.Text</CompatibleDataType>
        <CompatibleDataType>Multiple</CompatibleDataType>
      </CompatibleDataTypes>
      <Resources>
        <Resource>
          <Name>bundle.js</Name>
          <Type>JavaScript</Type>
        </Resource>
        <Resource>
          <Name>css/BooleanBlockCard.css</Name>
          <Type>CSS</Type>
        </Resource>
      </Resources>
    </CustomControl>
  </CustomControls>
  <SolutionPluginAssemblies />
  <EntityDataProviders />
</ImportExportXml>