<?xml version="1.0" encoding="utf-8"?>
<ImportExportXml version="9.2.0.0" SolutionPackageVersion="9.2" languagecode="1033" generatedBy="CrmLive" xmlns:xsi="http://www.w3.org/2001/XMLSchema-instance">
  <SolutionManifest>
    <UniqueName>BooleanBlockCardSolution</UniqueName>
    <LocalizedNames>
      <LocalizedName description="BooleanBlockCardSolution" languagecode="1033" />
    </LocalizedNames>
    <Descriptions>
      <Description description="Boolean Block Card PCF Control Solution" languagecode="1033" />
    </Descriptions>
    <Version>1.0.0.0</Version>
    <Managed>0</Managed>
    <Publisher>
      <UniqueName>BooleanBlock</UniqueName>
      <LocalizedNames>
        <LocalizedName description="BooleanBlock" languagecode="1033" />
      </LocalizedNames>
      <Descriptions>
        <Description description="BooleanBlock Publisher" languagecode="1033" />
      </Descriptions>
      <EMailAddress></EMailAddress>
      <SupportingWebsiteUrl></SupportingWebsiteUrl>
      <CustomizationPrefix>bb</CustomizationPrefix>
      <CustomizationOptionValuePrefix>10000</CustomizationOptionValuePrefix>
      <Addresses>
        <Address>
          <AddressNumber>1</AddressNumber>
          <AddressTypeCode>1</AddressTypeCode>
          <City></City>
          <County></County>
          <Country></Country>
          <Fax></Fax>
          <FreightTermsCode>1</FreightTermsCode>
          <ImportSequenceNumber></ImportSequenceNumber>
          <Latitude></Latitude>
          <Line1></Line1>
          <Line2></Line2>
          <Line3></Line3>
          <Longitude></Longitude>
          <Name></Name>
          <PostalCode></PostalCode>
          <PostOfficeBox></PostOfficeBox>
          <PrimaryContactName></PrimaryContactName>
          <ShippingMethodCode>1</ShippingMethodCode>
          <StateOrProvince></StateOrProvince>
          <Telephone1></Telephone1>
          <Telephone2></Telephone2>
          <Telephone3></Telephone3>
          <TimeZoneRuleVersionNumber></TimeZoneRuleVersionNumber>
          <UPSZone></UPSZone>
          <UTCOffset></UTCOffset>
          <UTCConversionTimeZoneCode></UTCConversionTimeZoneCode>
        </Address>
      </Addresses>
    </Publisher>
    <RootComponents />
    <MissingDependencies />
  </SolutionManifest>
</ImportExportXml>