<?xml version="1.0" encoding="UTF-8" standalone="yes"?>
<manifest>
  <control namespace="BooleanBlock" constructor="BooleanBlockCard" version="1.0.0" display-name-key="BooleanBlockCard" description-key="Card with boolean switch and conditional text field" control-type="standard" api-version="1.3.16">
    <property name="booleanValue" display-name-key="Boolean Value" description-key="Boolean value to control text field" of-type="TwoOptions" usage="bound" required="true"/>
    <property name="textValue" display-name-key="Text Value" description-key="Multiline text value" of-type="Multiple" usage="bound" required="true"/>
    <property name="defaultText" display-name-key="Default Text" description-key="Default text when boolean is false" of-type="Multiple" usage="input" required="false" default-value="Enter your text here..."/>
    <resources>
      <code path="bundle.js" order="1"/>
      <css path="css/BooleanBlockCard.css" order="1"/>
    </resources>
    <feature-usage/>
    <built-by name="pac" version="1.43.6"/>
  </control>
</manifest>